timeStamp,elapsed,label,responseCode,responseMessage,threadName,dataType,success,failureMessage,bytes,sentBytes,grpThreads,allThreads,URL,Latency,IdleTime,Connect
1743930255560,1535,Java Request,,All RMI calls succeeded,10user2min 1-1,,true,,161,0,1,1,null,0,0,0
1743930257097,1231,Java Request,,All RMI calls succeeded,10user2min 1-1,,true,,157,0,1,1,null,0,0,0
1743930258329,1224,Java Request,,All RMI calls succeeded,10user2min 1-1,,true,,157,0,2,2,null,0,0,0
1743930259554,1229,Java Request,,All RMI calls succeeded,10user2min 1-1,,true,,157,0,2,2,null,0,0,0
1743930259861,1843,Java Request,,All RMI calls succeeded,10user2min 1-2,,true,,157,0,2,2,null,0,0,0
1743930260783,1227,Java Request,,All RMI calls succeeded,10user2min 1-1,,true,,157,0,2,2,null,0,0,0
1743930261704,1227,Java Request,,All RMI calls succeeded,10user2min 1-2,,true,,157,0,2,2,null,0,0,0
1743930262011,1228,Java Request,,All RMI calls succeeded,10user2min 1-1,,true,,157,0,2,2,null,0,0,0
1743930262933,1231,Java Request,,All RMI calls succeeded,10user2min 1-2,,true,,157,0,2,2,null,0,0,0
1743930263241,1238,Java Request,,All RMI calls succeeded,10user2min 1-1,,true,,157,0,2,2,null,0,0,0
1743930264165,1168,Java Request,,All RMI calls succeeded,10user2min 1-2,,true,,157,0,3,3,null,0,0,0
1743930264479,1118,Java Request,,All RMI calls succeeded,10user2min 1-1,,true,,157,0,3,3,null,0,0,0
1743930265333,1185,Java Request,,All RMI calls succeeded,10user2min 1-2,,true,,157,0,3,3,null,0,0,0
1743930265602,1532,Java Request,,All RMI calls succeeded,10user2min 1-1,,true,,157,0,3,3,null,0,0,0
1743930265902,1843,Java Request,,All RMI calls succeeded,10user2min 1-3,,true,,157,0,3,3,null,0,0,0
1743930266519,1227,Java Request,,All RMI calls succeeded,10user2min 1-2,,true,,157,0,3,3,null,0,0,0
1743930267135,1226,Java Request,,All RMI calls succeeded,10user2min 1-1,,true,,157,0,3,3,null,0,0,0
1743930267746,1228,Java Request,,All RMI calls succeeded,10user2min 1-3,,true,,157,0,3,3,null,0,0,0
1743930267747,1228,Java Request,,All RMI calls succeeded,10user2min 1-2,,true,,157,0,3,3,null,0,0,0
1743930268361,1227,Java Request,,All RMI calls succeeded,10user2min 1-1,,true,,157,0,3,3,null,0,0,0
1743930268976,1227,Java Request,,All RMI calls succeeded,10user2min 1-2,,true,,157,0,3,3,null,0,0,0
1743930268975,1232,Java Request,,All RMI calls succeeded,10user2min 1-3,,true,,157,0,3,3,null,0,0,0
1743930269590,1227,Java Request,,All RMI calls succeeded,10user2min 1-1,,true,,157,0,3,3,null,0,0,0
1743930270203,1234,Java Request,,All RMI calls succeeded,10user2min 1-2,,true,,157,0,4,4,null,0,0,0
1743930270208,1230,Java Request,,All RMI calls succeeded,10user2min 1-3,,true,,157,0,4,4,null,0,0,0
1743930270817,1332,Java Request,,All RMI calls succeeded,10user2min 1-1,,true,,157,0,4,4,null,0,0,0
1743930271438,1328,Java Request,,All RMI calls succeeded,10user2min 1-3,,true,,157,0,4,4,null,0,0,0
1743930271440,1326,Java Request,,All RMI calls succeeded,10user2min 1-2,,true,,157,0,4,4,null,0,0,0
1743930272150,1233,Java Request,,All RMI calls succeeded,10user2min 1-1,,true,,157,0,4,4,null,0,0,0
1743930272154,1843,Java Request,,All RMI calls succeeded,10user2min 1-4,,true,,157,0,4,4,null,0,0,0
1743930272766,1231,Java Request,,All RMI calls succeeded,10user2min 1-3,,true,,157,0,4,4,null,0,0,0
1743930272766,1232,Java Request,,All RMI calls succeeded,10user2min 1-2,,true,,157,0,4,4,null,0,0,0
1743930273384,1165,Java Request,,All RMI calls succeeded,10user2min 1-1,,true,,157,0,4,4,null,0,0,0
1743930273998,1125,Java Request,,All RMI calls succeeded,10user2min 1-4,,true,,157,0,4,4,null,0,0,0
1743930273999,1124,Java Request,,All RMI calls succeeded,10user2min 1-2,,true,,157,0,4,4,null,0,0,0
1743930273998,1126,Java Request,,All RMI calls succeeded,10user2min 1-3,,true,,157,0,4,4,null,0,0,0
1743930274550,1083,Java Request,,All RMI calls succeeded,10user2min 1-1,,true,,157,0,4,4,null,0,0,0
1743930275123,1024,Java Request,,All RMI calls succeeded,10user2min 1-4,,true,,157,0,4,4,null,0,0,0
1743930275124,1024,Java Request,,All RMI calls succeeded,10user2min 1-3,,true,,157,0,4,4,null,0,0,0
1743930275124,1024,Java Request,,All RMI calls succeeded,10user2min 1-2,,true,,157,0,4,4,null,0,0,0
1743930275634,1020,Java Request,,All RMI calls succeeded,10user2min 1-1,,true,,157,0,4,4,null,0,0,0
1743930276148,1125,Java Request,,All RMI calls succeeded,10user2min 1-4,,true,,157,0,4,4,null,0,0,0
1743930276149,1124,Java Request,,All RMI calls succeeded,10user2min 1-2,,true,,157,0,4,4,null,0,0,0
1743930276149,1123,Java Request,,All RMI calls succeeded,10user2min 1-3,,true,,157,0,4,4,null,0,0,0
1743930276655,1234,Java Request,,All RMI calls succeeded,10user2min 1-1,,true,,157,0,5,5,null,0,0,0
1743930277273,1236,Java Request,,All RMI calls succeeded,10user2min 1-4,,true,,157,0,5,5,null,0,0,0
1743930277274,1236,Java Request,,All RMI calls succeeded,10user2min 1-2,,true,,157,0,5,5,null,0,0,0
1743930277274,1243,Java Request,,All RMI calls succeeded,10user2min 1-3,,true,,157,0,5,5,null,0,0,0
1743930277890,1232,Java Request,,All RMI calls succeeded,10user2min 1-1,,true,,157,0,5,5,null,0,0,0
1743930278518,1214,Java Request,,All RMI calls succeeded,10user2min 1-3,,true,,157,0,5,5,null,0,0,0
1743930278524,1208,Java Request,,All RMI calls succeeded,10user2min 1-2,,true,,157,0,5,5,null,0,0,0
1743930277886,1848,Java Request,,All RMI calls succeeded,10user2min 1-5,,true,,157,0,5,5,null,0,0,0
1743930278527,1451,Java Request,,All RMI calls succeeded,10user2min 1-4,,true,,157,0,5,5,null,0,0,0
1743930279122,1122,Java Request,,All RMI calls succeeded,10user2min 1-1,,true,,157,0,5,5,null,0,0,0
1743930279733,1124,Java Request,,All RMI calls succeeded,10user2min 1-3,,true,,157,0,5,5,null,0,0,0
1743930279734,1125,Java Request,,All RMI calls succeeded,10user2min 1-5,,true,,157,0,5,5,null,0,0,0
1743930279733,1127,Java Request,,All RMI calls succeeded,10user2min 1-2,,true,,157,0,5,5,null,0,0,0
1743930279979,1187,Java Request,,All RMI calls succeeded,10user2min 1-4,,true,,157,0,5,5,null,0,0,0
1743930280244,1238,Java Request,,All RMI calls succeeded,10user2min 1-1,,true,,157,0,5,5,null,0,0,0
1743930280860,1225,Java Request,,All RMI calls succeeded,10user2min 1-2,,true,,157,0,5,5,null,0,0,0
1743930280860,1226,Java Request,,All RMI calls succeeded,10user2min 1-5,,true,,157,0,5,5,null,0,0,0
1743930280857,1230,Java Request,,All RMI calls succeeded,10user2min 1-3,,true,,157,0,5,5,null,0,0,0
1743930281167,1227,Java Request,,All RMI calls succeeded,10user2min 1-4,,true,,157,0,5,5,null,0,0,0
1743930281482,1215,Java Request,,All RMI calls succeeded,10user2min 1-1,,true,,157,0,5,5,null,0,0,0
1743930282085,1227,Java Request,,All RMI calls succeeded,10user2min 1-2,,true,,157,0,6,6,null,0,0,0
1743930282087,1225,Java Request,,All RMI calls succeeded,10user2min 1-5,,true,,157,0,6,6,null,0,0,0
1743930282088,1224,Java Request,,All RMI calls succeeded,10user2min 1-3,,true,,157,0,6,6,null,0,0,0
1743930282394,1230,Java Request,,All RMI calls succeeded,10user2min 1-4,,true,,157,0,6,6,null,0,0,0
1743930282697,1233,Java Request,,All RMI calls succeeded,10user2min 1-1,,true,,157,0,6,6,null,0,0,0
1743930283313,1232,Java Request,,All RMI calls succeeded,10user2min 1-3,,true,,157,0,6,6,null,0,0,0
1743930283313,1231,Java Request,,All RMI calls succeeded,10user2min 1-5,,true,,157,0,6,6,null,0,0,0
1743930283312,1234,Java Request,,All RMI calls succeeded,10user2min 1-2,,true,,157,0,6,6,null,0,0,0
1743930283625,1223,Java Request,,All RMI calls succeeded,10user2min 1-4,,true,,157,0,6,6,null,0,0,0
1743930283930,1229,Java Request,,All RMI calls succeeded,10user2min 1-1,,true,,157,0,6,6,null,0,0,0
1743930283932,1837,Java Request,,All RMI calls succeeded,10user2min 1-6,,true,,157,0,6,6,null,0,0,0
1743930284545,1226,Java Request,,All RMI calls succeeded,10user2min 1-3,,true,,157,0,6,6,null,0,0,0
1743930284547,1226,Java Request,,All RMI calls succeeded,10user2min 1-5,,true,,157,0,6,6,null,0,0,0
1743930284548,1226,Java Request,,All RMI calls succeeded,10user2min 1-2,,true,,157,0,6,6,null,0,0,0
1743930284849,1226,Java Request,,All RMI calls succeeded,10user2min 1-4,,true,,157,0,6,6,null,0,0,0
1743930285159,1224,Java Request,,All RMI calls succeeded,10user2min 1-1,,true,,157,0,6,6,null,0,0,0
1743930285774,1223,Java Request,,All RMI calls succeeded,10user2min 1-2,,true,,157,0,6,6,null,0,0,0
1743930285772,1226,Java Request,,All RMI calls succeeded,10user2min 1-3,,true,,157,0,6,6,null,0,0,0
1743930285769,1231,Java Request,,All RMI calls succeeded,10user2min 1-6,,true,,157,0,6,6,null,0,0,0
1743930285773,1227,Java Request,,All RMI calls succeeded,10user2min 1-5,,true,,157,0,6,6,null,0,0,0
1743930286076,1228,Java Request,,All RMI calls succeeded,10user2min 1-4,,true,,157,0,6,6,null,0,0,0
1743930286384,1229,Java Request,,All RMI calls succeeded,10user2min 1-1,,true,,157,0,6,6,null,0,0,0
1743930286998,1229,Java Request,,All RMI calls succeeded,10user2min 1-2,,true,,157,0,6,6,null,0,0,0
1743930287000,1228,Java Request,,All RMI calls succeeded,10user2min 1-5,,true,,157,0,6,6,null,0,0,0
1743930286998,1227,Java Request,,All RMI calls succeeded,10user2min 1-3,,true,,157,0,6,6,null,0,0,0
1743930287000,1229,Java Request,,All RMI calls succeeded,10user2min 1-6,,true,,157,0,6,6,null,0,0,0
1743930287306,1230,Java Request,,All RMI calls succeeded,10user2min 1-4,,true,,157,0,6,6,null,0,0,0
1743930287615,1227,Java Request,,All RMI calls succeeded,10user2min 1-1,,true,,157,0,6,6,null,0,0,0
1743930288227,1172,Java Request,,All RMI calls succeeded,10user2min 1-2,,true,,157,0,7,7,null,0,0,0
1743930288229,1176,Java Request,,All RMI calls succeeded,10user2min 1-6,,true,,157,0,7,7,null,0,0,0
1743930288228,1177,Java Request,,All RMI calls succeeded,10user2min 1-3,,true,,157,0,7,7,null,0,0,0
1743930288228,1181,Java Request,,All RMI calls succeeded,10user2min 1-5,,true,,157,0,7,7,null,0,0,0
1743930288537,1112,Java Request,,All RMI calls succeeded,10user2min 1-4,,true,,157,0,7,7,null,0,0,0
1743930288844,1049,Java Request,,All RMI calls succeeded,10user2min 1-1,,true,,157,0,7,7,null,0,0,0
1743930289407,1073,Java Request,,All RMI calls succeeded,10user2min 1-6,,true,,157,0,7,7,null,0,0,0
1743930289400,1081,Java Request,,All RMI calls succeeded,10user2min 1-2,,true,,157,0,7,7,null,0,0,0
1743930289410,1073,Java Request,,All RMI calls succeeded,10user2min 1-5,,true,,157,0,7,7,null,0,0,0
1743930289650,1137,Java Request,,All RMI calls succeeded,10user2min 1-4,,true,,157,0,7,7,null,0,0,0
1743930289407,1383,Java Request,,All RMI calls succeeded,10user2min 1-3,,true,,157,0,7,7,null,0,0,0
1743930289893,1201,Java Request,,All RMI calls succeeded,10user2min 1-1,,true,,157,0,7,7,null,0,0,0
1743930290481,1231,Java Request,,All RMI calls succeeded,10user2min 1-2,,true,,157,0,7,7,null,0,0,0
1743930289865,1848,Java Request,,All RMI calls succeeded,10user2min 1-7,,true,,157,0,7,7,null,0,0,0
1743930290483,1232,Java Request,,All RMI calls succeeded,10user2min 1-5,,true,,157,0,7,7,null,0,0,0
1743930290480,1232,Java Request,,All RMI calls succeeded,10user2min 1-6,,true,,157,0,7,7,null,0,0,0
1743930290790,1228,Java Request,,All RMI calls succeeded,10user2min 1-4,,true,,157,0,7,7,null,0,0,0
1743930290791,1228,Java Request,,All RMI calls succeeded,10user2min 1-3,,true,,157,0,7,7,null,0,0,0
1743930291095,1227,Java Request,,All RMI calls succeeded,10user2min 1-1,,true,,157,0,7,7,null,0,0,0
1743930291713,1224,Java Request,,All RMI calls succeeded,10user2min 1-2,,true,,157,0,7,7,null,0,0,0
1743930291716,1222,Java Request,,All RMI calls succeeded,10user2min 1-5,,true,,157,0,7,7,null,0,0,0
1743930291713,1229,Java Request,,All RMI calls succeeded,10user2min 1-7,,true,,157,0,7,7,null,0,0,0
1743930291717,1226,Java Request,,All RMI calls succeeded,10user2min 1-6,,true,,157,0,7,7,null,0,0,0
1743930292019,1225,Java Request,,All RMI calls succeeded,10user2min 1-3,,true,,157,0,7,7,null,0,0,0
1743930292019,1230,Java Request,,All RMI calls succeeded,10user2min 1-4,,true,,157,0,7,7,null,0,0,0
1743930292323,1229,Java Request,,All RMI calls succeeded,10user2min 1-1,,true,,157,0,7,7,null,0,0,0
1743930292938,1227,Java Request,,All RMI calls succeeded,10user2min 1-2,,true,,157,0,7,7,null,0,0,0
1743930292939,1231,Java Request,,All RMI calls succeeded,10user2min 1-5,,true,,157,0,7,7,null,0,0,0
1743930292942,1228,Java Request,,All RMI calls succeeded,10user2min 1-7,,true,,157,0,7,7,null,0,0,0
1743930292943,1230,Java Request,,All RMI calls succeeded,10user2min 1-6,,true,,157,0,7,7,null,0,0,0
1743930293249,1224,Java Request,,All RMI calls succeeded,10user2min 1-4,,true,,157,0,7,7,null,0,0,0
1743930293244,1229,Java Request,,All RMI calls succeeded,10user2min 1-3,,true,,157,0,7,7,null,0,0,0
1743930293552,1233,Java Request,,All RMI calls succeeded,10user2min 1-1,,true,,157,0,7,7,null,0,0,0
1743930294173,1161,Java Request,,All RMI calls succeeded,10user2min 1-6,,true,,157,0,8,8,null,0,0,0
1743930294165,1172,Java Request,,All RMI calls succeeded,10user2min 1-2,,true,,157,0,8,8,null,0,0,0
1743930294174,1167,Java Request,,All RMI calls succeeded,10user2min 1-7,,true,,157,0,8,8,null,0,0,0
1743930294170,1171,Java Request,,All RMI calls succeeded,10user2min 1-5,,true,,157,0,8,8,null,0,0,0
1743930294475,1127,Java Request,,All RMI calls succeeded,10user2min 1-3,,true,,157,0,8,8,null,0,0,0
1743930294472,1131,Java Request,,All RMI calls succeeded,10user2min 1-4,,true,,157,0,8,8,null,0,0,0
1743930294784,1122,Java Request,,All RMI calls succeeded,10user2min 1-1,,true,,157,0,8,8,null,0,0,0
1743930295335,1187,Java Request,,All RMI calls succeeded,10user2min 1-6,,true,,157,0,8,8,null,0,0,0
1743930295337,1187,Java Request,,All RMI calls succeeded,10user2min 1-2,,true,,157,0,8,8,null,0,0,0
1743930295345,1181,Java Request,,All RMI calls succeeded,10user2min 1-5,,true,,157,0,8,8,null,0,0,0
1743930295343,1184,Java Request,,All RMI calls succeeded,10user2min 1-7,,true,,157,0,8,8,null,0,0,0
1743930295605,1225,Java Request,,All RMI calls succeeded,10user2min 1-3,,true,,157,0,8,8,null,0,0,0
1743930295604,1229,Java Request,,All RMI calls succeeded,10user2min 1-4,,true,,157,0,8,8,null,0,0,0
1743930295906,1232,Java Request,,All RMI calls succeeded,10user2min 1-1,,true,,157,0,8,8,null,0,0,0
1743930295909,1840,Java Request,,All RMI calls succeeded,10user2min 1-8,,true,,157,0,8,8,null,0,0,0
1743930296527,1225,Java Request,,All RMI calls succeeded,10user2min 1-7,,true,,157,0,8,8,null,0,0,0
1743930296524,1229,Java Request,,All RMI calls succeeded,10user2min 1-2,,true,,157,0,8,8,null,0,0,0
1743930296523,1230,Java Request,,All RMI calls succeeded,10user2min 1-6,,true,,157,0,8,8,null,0,0,0
1743930296526,1228,Java Request,,All RMI calls succeeded,10user2min 1-5,,true,,157,0,8,8,null,0,0,0
1743930296834,1223,Java Request,,All RMI calls succeeded,10user2min 1-4,,true,,157,0,8,8,null,0,0,0
1743930296830,1226,Java Request,,All RMI calls succeeded,10user2min 1-3,,true,,157,0,8,8,null,0,0,0
1743930297138,1233,Java Request,,All RMI calls succeeded,10user2min 1-1,,true,,157,0,8,8,null,0,0,0
1743930297753,1228,Java Request,,All RMI calls succeeded,10user2min 1-6,,true,,157,0,8,8,null,0,0,0
1743930297749,1233,Java Request,,All RMI calls succeeded,10user2min 1-8,,true,,157,0,8,8,null,0,0,0
1743930297753,1229,Java Request,,All RMI calls succeeded,10user2min 1-7,,true,,157,0,8,8,null,0,0,0
1743930297754,1228,Java Request,,All RMI calls succeeded,10user2min 1-5,,true,,157,0,8,8,null,0,0,0
1743930297753,1232,Java Request,,All RMI calls succeeded,10user2min 1-2,,true,,157,0,8,8,null,0,0,0
1743930298058,1226,Java Request,,All RMI calls succeeded,10user2min 1-3,,true,,157,0,8,8,null,0,0,0
1743930298057,1228,Java Request,,All RMI calls succeeded,10user2min 1-4,,true,,157,0,8,8,null,0,0,0
1743930298371,1221,Java Request,,All RMI calls succeeded,10user2min 1-1,,true,,157,0,8,8,null,0,0,0
1743930298982,1161,Java Request,,All RMI calls succeeded,10user2min 1-8,,true,,157,0,8,8,null,0,0,0
1743930298981,1168,Java Request,,All RMI calls succeeded,10user2min 1-6,,true,,157,0,8,8,null,0,0,0
1743930298986,1169,Java Request,,All RMI calls succeeded,10user2min 1-2,,true,,157,0,8,8,null,0,0,0
1743930298983,1173,Java Request,,All RMI calls succeeded,10user2min 1-5,,true,,157,0,8,8,null,0,0,0
1743930298982,1182,Java Request,,All RMI calls succeeded,10user2min 1-7,,true,,157,0,8,8,null,0,0,0
1743930299285,1129,Java Request,,All RMI calls succeeded,10user2min 1-4,,true,,157,0,8,8,null,0,0,0
1743930299284,1133,Java Request,,All RMI calls succeeded,10user2min 1-3,,true,,157,0,8,8,null,0,0,0
1743930299592,1127,Java Request,,All RMI calls succeeded,10user2min 1-1,,true,,157,0,8,8,null,0,0,0
1743930300155,1151,Java Request,,All RMI calls succeeded,10user2min 1-2,,true,,157,0,9,9,null,0,0,0
1743930300164,1140,Java Request,,All RMI calls succeeded,10user2min 1-7,,true,,157,0,9,9,null,0,0,0
1743930300144,1165,Java Request,,All RMI calls succeeded,10user2min 1-8,,true,,157,0,9,9,null,0,0,0
1743930300149,1161,Java Request,,All RMI calls succeeded,10user2min 1-6,,true,,157,0,9,9,null,0,0,0
1743930300157,1153,Java Request,,All RMI calls succeeded,10user2min 1-5,,true,,157,0,9,9,null,0,0,0
1743930300418,1227,Java Request,,All RMI calls succeeded,10user2min 1-3,,true,,157,0,9,9,null,0,0,0
1743930300414,1232,Java Request,,All RMI calls succeeded,10user2min 1-4,,true,,157,0,9,9,null,0,0,0
1743930300720,1172,Java Request,,All RMI calls succeeded,10user2min 1-1,,true,,157,0,9,9,null,0,0,0
1743930301311,1159,Java Request,,All RMI calls succeeded,10user2min 1-8,,true,,157,0,9,9,null,0,0,0
1743930301310,1161,Java Request,,All RMI calls succeeded,10user2min 1-5,,true,,157,0,9,9,null,0,0,0
1743930301306,1166,Java Request,,All RMI calls succeeded,10user2min 1-2,,true,,157,0,9,9,null,0,0,0
1743930301310,1162,Java Request,,All RMI calls succeeded,10user2min 1-6,,true,,157,0,9,9,null,0,0,0
1743930301312,1491,Java Request,,All RMI calls succeeded,10user2min 1-7,,true,,157,0,9,9,null,0,0,0
1743930301647,1156,Java Request,,All RMI calls succeeded,10user2min 1-4,,true,,157,0,9,9,null,0,0,0
1743930301646,1159,Java Request,,All RMI calls succeeded,10user2min 1-3,,true,,157,0,9,9,null,0,0,0
1743930301893,1285,Java Request,,All RMI calls succeeded,10user2min 1-1,,true,,157,0,9,9,null,0,0,0
1743930301889,1900,Java Request,,All RMI calls succeeded,10user2min 1-9,,true,,157,0,9,9,null,0,0,0
1743930302470,1324,Java Request,,All RMI calls succeeded,10user2min 1-8,,true,,157,0,9,9,null,0,0,0
1743930302472,1322,Java Request,,All RMI calls succeeded,10user2min 1-2,,true,,157,0,9,9,null,0,0,0
1743930302472,1323,Java Request,,All RMI calls succeeded,10user2min 1-6,,true,,157,0,9,9,null,0,0,0
1743930302471,1321,Java Request,,All RMI calls succeeded,10user2min 1-5,,true,,157,0,9,9,null,0,0,0
1743930302806,1293,Java Request,,All RMI calls succeeded,10user2min 1-3,,true,,157,0,9,9,null,0,0,0
1743930302804,1297,Java Request,,All RMI calls succeeded,10user2min 1-7,,true,,157,0,9,9,null,0,0,0
1743930302804,1299,Java Request,,All RMI calls succeeded,10user2min 1-4,,true,,157,0,9,9,null,0,0,0
1743930303179,1163,Java Request,,All RMI calls succeeded,10user2min 1-1,,true,,157,0,9,9,null,0,0,0
1743930303795,1121,Java Request,,All RMI calls succeeded,10user2min 1-6,,true,,157,0,9,9,null,0,0,0
1743930303790,1130,Java Request,,All RMI calls succeeded,10user2min 1-9,,true,,157,0,9,9,null,0,0,0
1743930303795,1128,Java Request,,All RMI calls succeeded,10user2min 1-5,,true,,157,0,9,9,null,0,0,0
1743930303794,1130,Java Request,,All RMI calls succeeded,10user2min 1-8,,true,,157,0,9,9,null,0,0,0
1743930303797,1124,Java Request,,All RMI calls succeeded,10user2min 1-2,,true,,157,0,9,9,null,0,0,0
1743930304100,1061,Java Request,,All RMI calls succeeded,10user2min 1-3,,true,,157,0,9,9,null,0,0,0
1743930304101,1063,Java Request,,All RMI calls succeeded,10user2min 1-7,,true,,157,0,9,9,null,0,0,0
1743930304103,1065,Java Request,,All RMI calls succeeded,10user2min 1-4,,true,,157,0,9,9,null,0,0,0
1743930304342,1087,Java Request,,All RMI calls succeeded,10user2min 1-1,,true,,157,0,9,9,null,0,0,0
1743930304927,1116,Java Request,,All RMI calls succeeded,10user2min 1-2,,true,,157,0,9,9,null,0,0,0
1743930304924,1125,Java Request,,All RMI calls succeeded,10user2min 1-8,,true,,157,0,9,9,null,0,0,0
1743930304923,1126,Java Request,,All RMI calls succeeded,10user2min 1-5,,true,,157,0,9,9,null,0,0,0
1743930304920,1130,Java Request,,All RMI calls succeeded,10user2min 1-9,,true,,157,0,9,9,null,0,0,0
1743930304917,1137,Java Request,,All RMI calls succeeded,10user2min 1-6,,true,,157,0,9,9,null,0,0,0
1743930305163,1120,Java Request,,All RMI calls succeeded,10user2min 1-3,,true,,157,0,9,9,null,0,0,0
1743930305168,1121,Java Request,,All RMI calls succeeded,10user2min 1-4,,true,,157,0,9,9,null,0,0,0
1743930305164,1128,Java Request,,All RMI calls succeeded,10user2min 1-7,,true,,157,0,9,9,null,0,0,0
1743930305429,1156,Java Request,,All RMI calls succeeded,10user2min 1-1,,true,,157,0,9,9,null,0,0,0
1743930306050,1121,Java Request,,All RMI calls succeeded,10user2min 1-5,,true,,157,0,9,9,null,0,0,0
1743930306050,1125,Java Request,,All RMI calls succeeded,10user2min 1-9,,true,,157,0,9,9,null,0,0,0
1743930306049,1127,Java Request,,All RMI calls succeeded,10user2min 1-8,,true,,157,0,9,9,null,0,0,0
1743930306043,1133,Java Request,,All RMI calls succeeded,10user2min 1-2,,true,,157,0,9,9,null,0,0,0
1743930306054,1122,Java Request,,All RMI calls succeeded,10user2min 1-6,,true,,157,0,9,9,null,0,0,0
1743930306289,1192,Java Request,,All RMI calls succeeded,10user2min 1-4,,true,,157,0,10,10,null,0,0,0
1743930306293,1188,Java Request,,All RMI calls succeeded,10user2min 1-7,,true,,157,0,10,10,null,0,0,0
1743930306283,1197,Java Request,,All RMI calls succeeded,10user2min 1-3,,true,,157,0,10,10,null,0,0,0
1743930306585,1203,Java Request,,All RMI calls succeeded,10user2min 1-1,,true,,157,0,10,10,null,0,0,0
1743930307176,1227,Java Request,,All RMI calls succeeded,10user2min 1-8,,true,,157,0,10,10,null,0,0,0
1743930307176,1228,Java Request,,All RMI calls succeeded,10user2min 1-2,,true,,157,0,10,10,null,0,0,0
1743930307172,1233,Java Request,,All RMI calls succeeded,10user2min 1-5,,true,,157,0,10,10,null,0,0,0
1743930307176,1230,Java Request,,All RMI calls succeeded,10user2min 1-6,,true,,157,0,10,10,null,0,0,0
1743930307176,1230,Java Request,,All RMI calls succeeded,10user2min 1-9,,true,,157,0,10,10,null,0,0,0
1743930307482,1228,Java Request,,All RMI calls succeeded,10user2min 1-7,,true,,157,0,10,10,null,0,0,0
1743930307483,1228,Java Request,,All RMI calls succeeded,10user2min 1-3,,true,,157,0,10,10,null,0,0,0
1743930307481,1230,Java Request,,All RMI calls succeeded,10user2min 1-4,,true,,157,0,10,10,null,0,0,0
1743930307789,1234,Java Request,,All RMI calls succeeded,10user2min 1-1,,true,,157,0,10,10,null,0,0,0
1743930307790,1837,Java Request,,All RMI calls succeeded,10user2min 1-10,,true,,157,0,10,10,null,0,0,0
1743930308404,1225,Java Request,,All RMI calls succeeded,10user2min 1-2,,true,,157,0,10,10,null,0,0,0
1743930308405,1225,Java Request,,All RMI calls succeeded,10user2min 1-5,,true,,157,0,10,10,null,0,0,0
1743930308406,1226,Java Request,,All RMI calls succeeded,10user2min 1-9,,true,,157,0,10,10,null,0,0,0
1743930308404,1229,Java Request,,All RMI calls succeeded,10user2min 1-8,,true,,157,0,10,10,null,0,0,0
1743930308406,1227,Java Request,,All RMI calls succeeded,10user2min 1-6,,true,,157,0,10,10,null,0,0,0
1743930308711,1227,Java Request,,All RMI calls succeeded,10user2min 1-4,,true,,157,0,10,10,null,0,0,0
1743930308711,1228,Java Request,,All RMI calls succeeded,10user2min 1-3,,true,,157,0,10,10,null,0,0,0
1743930308711,1229,Java Request,,All RMI calls succeeded,10user2min 1-7,,true,,157,0,10,10,null,0,0,0
1743930309024,1219,Java Request,,All RMI calls succeeded,10user2min 1-1,,true,,157,0,10,10,null,0,0,0
1743930309627,1229,Java Request,,All RMI calls succeeded,10user2min 1-10,,true,,157,0,10,10,null,0,0,0
1743930309630,1233,Java Request,,All RMI calls succeeded,10user2min 1-5,,true,,157,0,10,10,null,0,0,0
1743930309633,1230,Java Request,,All RMI calls succeeded,10user2min 1-6,,true,,157,0,10,10,null,0,0,0
1743930309632,1232,Java Request,,All RMI calls succeeded,10user2min 1-9,,true,,157,0,10,10,null,0,0,0
1743930309629,1236,Java Request,,All RMI calls succeeded,10user2min 1-2,,true,,157,0,10,10,null,0,0,0
1743930309633,1232,Java Request,,All RMI calls succeeded,10user2min 1-8,,true,,157,0,10,10,null,0,0,0
1743930309940,1223,Java Request,,All RMI calls succeeded,10user2min 1-7,,true,,157,0,10,10,null,0,0,0
1743930309939,1225,Java Request,,All RMI calls succeeded,10user2min 1-4,,true,,157,0,10,10,null,0,0,0
1743930309939,1226,Java Request,,All RMI calls succeeded,10user2min 1-3,,true,,157,0,10,10,null,0,0,0
1743930310243,1228,Java Request,,All RMI calls succeeded,10user2min 1-1,,true,,157,0,10,10,null,0,0,0
1743930310866,1219,Java Request,,All RMI calls succeeded,10user2min 1-8,,true,,157,0,10,10,null,0,0,0
1743930310865,1224,Java Request,,All RMI calls succeeded,10user2min 1-2,,true,,157,0,10,10,null,0,0,0
1743930310864,1226,Java Request,,All RMI calls succeeded,10user2min 1-9,,true,,157,0,10,10,null,0,0,0
1743930310864,1227,Java Request,,All RMI calls succeeded,10user2min 1-6,,true,,157,0,10,10,null,0,0,0
1743930310857,1234,Java Request,,All RMI calls succeeded,10user2min 1-10,,true,,157,0,10,10,null,0,0,0
1743930310863,1229,Java Request,,All RMI calls succeeded,10user2min 1-5,,true,,157,0,10,10,null,0,0,0
1743930311165,1228,Java Request,,All RMI calls succeeded,10user2min 1-3,,true,,157,0,10,10,null,0,0,0
1743930311163,1235,Java Request,,All RMI calls succeeded,10user2min 1-7,,true,,157,0,10,10,null,0,0,0
1743930311164,1235,Java Request,,All RMI calls succeeded,10user2min 1-4,,true,,157,0,10,10,null,0,0,0
1743930311474,1226,Java Request,,All RMI calls succeeded,10user2min 1-1,,true,,157,0,10,10,null,0,0,0
1743930312089,1225,Java Request,,All RMI calls succeeded,10user2min 1-2,,true,,157,0,10,10,null,0,0,0
1743930312092,1222,Java Request,,All RMI calls succeeded,10user2min 1-10,,true,,157,0,10,10,null,0,0,0
1743930312092,1225,Java Request,,All RMI calls succeeded,10user2min 1-5,,true,,157,0,10,10,null,0,0,0
1743930312090,1230,Java Request,,All RMI calls succeeded,10user2min 1-9,,true,,157,0,10,10,null,0,0,0
1743930312086,1234,Java Request,,All RMI calls succeeded,10user2min 1-8,,true,,157,0,10,10,null,0,0,0
1743930312091,1231,Java Request,,All RMI calls succeeded,10user2min 1-6,,true,,157,0,10,10,null,0,0,0
1743930312400,1227,Java Request,,All RMI calls succeeded,10user2min 1-4,,true,,157,0,10,10,null,0,0,0
1743930312399,1229,Java Request,,All RMI calls succeeded,10user2min 1-7,,true,,157,0,10,10,null,0,0,0
1743930312393,1236,Java Request,,All RMI calls succeeded,10user2min 1-3,,true,,157,0,10,10,null,0,0,0
1743930312701,1233,Java Request,,All RMI calls succeeded,10user2min 1-1,,true,,157,0,10,10,null,0,0,0
1743930313320,1222,Java Request,,All RMI calls succeeded,10user2min 1-9,,true,,157,0,10,10,null,0,0,0
1743930313322,1221,Java Request,,All RMI calls succeeded,10user2min 1-6,,true,,157,0,10,10,null,0,0,0
1743930313317,1228,Java Request,,All RMI calls succeeded,10user2min 1-5,,true,,157,0,10,10,null,0,0,0
1743930313321,1225,Java Request,,All RMI calls succeeded,10user2min 1-8,,true,,157,0,10,10,null,0,0,0
1743930313314,1232,Java Request,,All RMI calls succeeded,10user2min 1-2,,true,,157,0,10,10,null,0,0,0
1743930313315,1232,Java Request,,All RMI calls succeeded,10user2min 1-10,,true,,157,0,10,10,null,0,0,0
1743930313628,1222,Java Request,,All RMI calls succeeded,10user2min 1-7,,true,,157,0,10,10,null,0,0,0
1743930313628,1224,Java Request,,All RMI calls succeeded,10user2min 1-4,,true,,157,0,10,10,null,0,0,0
1743930313630,1223,Java Request,,All RMI calls succeeded,10user2min 1-3,,true,,157,0,10,10,null,0,0,0
1743930313934,1226,Java Request,,All RMI calls succeeded,10user2min 1-1,,true,,157,0,10,10,null,0,0,0
1743930314543,1129,Java Request,,All RMI calls succeeded,10user2min 1-9,,true,,157,0,10,10,null,0,0,0
1743930314543,1130,Java Request,,All RMI calls succeeded,10user2min 1-6,,true,,157,0,10,10,null,0,0,0
1743930314545,1129,Java Request,,All RMI calls succeeded,10user2min 1-5,,true,,157,0,10,10,null,0,0,0
1743930314546,1128,Java Request,,All RMI calls succeeded,10user2min 1-8,,true,,157,0,10,10,null,0,0,0
1743930314547,1138,Java Request,,All RMI calls succeeded,10user2min 1-10,,true,,157,0,10,10,null,0,0,0
1743930314547,1140,Java Request,,All RMI calls succeeded,10user2min 1-2,,true,,157,0,10,10,null,0,0,0
1743930314853,1124,Java Request,,All RMI calls succeeded,10user2min 1-4,,true,,157,0,10,10,null,0,0,0
1743930314850,1131,Java Request,,All RMI calls succeeded,10user2min 1-7,,true,,157,0,10,10,null,0,0,0
1743930314853,1132,Java Request,,All RMI calls succeeded,10user2min 1-3,,true,,157,0,10,10,null,0,0,0
1743930315161,1126,Java Request,,All RMI calls succeeded,10user2min 1-1,,true,,157,0,10,10,null,0,0,0
1743930315688,1215,Java Request,,All RMI calls succeeded,10user2min 1-2,,true,,157,0,10,10,null,0,0,0
1743930315674,1230,Java Request,,All RMI calls succeeded,10user2min 1-5,,true,,157,0,10,10,null,0,0,0
1743930315674,1230,Java Request,,All RMI calls succeeded,10user2min 1-6,,true,,157,0,10,10,null,0,0,0
1743930315672,1233,Java Request,,All RMI calls succeeded,10user2min 1-9,,true,,157,0,10,10,null,0,0,0
1743930315675,1232,Java Request,,All RMI calls succeeded,10user2min 1-8,,true,,157,0,10,10,null,0,0,0
1743930315685,1222,Java Request,,All RMI calls succeeded,10user2min 1-10,,true,,157,0,10,10,null,0,0,0
1743930315981,1223,Java Request,,All RMI calls succeeded,10user2min 1-7,,true,,157,0,10,10,null,0,0,0
1743930315985,1243,Java Request,,All RMI calls succeeded,10user2min 1-3,,true,,157,0,10,10,null,0,0,0
1743930315979,1250,Java Request,,All RMI calls succeeded,10user2min 1-4,,true,,157,0,10,10,null,0,0,0
1743930316288,1230,Java Request,,All RMI calls succeeded,10user2min 1-1,,true,,157,0,10,10,null,0,0,0
1743930316904,1225,Java Request,,All RMI calls succeeded,10user2min 1-5,,true,,157,0,10,10,null,0,0,0
1743930316907,1224,Java Request,,All RMI calls succeeded,10user2min 1-8,,true,,157,0,10,10,null,0,0,0
1743930316907,1225,Java Request,,All RMI calls succeeded,10user2min 1-10,,true,,157,0,10,10,null,0,0,0
1743930316904,1229,Java Request,,All RMI calls succeeded,10user2min 1-6,,true,,157,0,10,10,null,0,0,0
1743930316905,1232,Java Request,,All RMI calls succeeded,10user2min 1-9,,true,,157,0,10,10,null,0,0,0
1743930316903,1234,Java Request,,All RMI calls succeeded,10user2min 1-2,,true,,157,0,10,10,null,0,0,0
1743930317205,1229,Java Request,,All RMI calls succeeded,10user2min 1-7,,true,,157,0,10,10,null,0,0,0
1743930317230,1204,Java Request,,All RMI calls succeeded,10user2min 1-4,,true,,157,0,10,10,null,0,0,0
1743930317228,1208,Java Request,,All RMI calls succeeded,10user2min 1-3,,true,,157,0,10,10,null,0,0,0
1743930317518,1224,Java Request,,All RMI calls succeeded,10user2min 1-1,,true,,157,0,10,10,null,0,0,0
1743930318137,1219,Java Request,,All RMI calls succeeded,10user2min 1-2,,true,,157,0,10,10,null,0,0,0
1743930318136,1221,Java Request,,All RMI calls succeeded,10user2min 1-6,,true,,157,0,10,10,null,0,0,0
1743930318130,1228,Java Request,,All RMI calls succeeded,10user2min 1-5,,true,,157,0,10,10,null,0,0,0
1743930318137,1222,Java Request,,All RMI calls succeeded,10user2min 1-9,,true,,157,0,10,10,null,0,0,0
1743930318131,1229,Java Request,,All RMI calls succeeded,10user2min 1-8,,true,,157,0,10,10,null,0,0,0
1743930318133,1227,Java Request,,All RMI calls succeeded,10user2min 1-10,,true,,157,0,10,10,null,0,0,0
1743930318436,1166,Java Request,,All RMI calls succeeded,10user2min 1-3,,true,,157,0,10,10,null,0,0,0
1743930318435,1167,Java Request,,All RMI calls succeeded,10user2min 1-4,,true,,157,0,10,10,null,0,0,0
1743930318434,1181,Java Request,,All RMI calls succeeded,10user2min 1-7,,true,,157,0,10,10,null,0,0,0
1743930318742,1127,Java Request,,All RMI calls succeeded,10user2min 1-1,,true,,157,0,10,10,null,0,0,0
1743930319358,1126,Java Request,,All RMI calls succeeded,10user2min 1-6,,true,,157,0,10,10,null,0,0,0
1743930319360,1127,Java Request,,All RMI calls succeeded,10user2min 1-8,,true,,157,0,10,10,null,0,0,0
1743930319361,1127,Java Request,,All RMI calls succeeded,10user2min 1-10,,true,,157,0,10,10,null,0,0,0
1743930319360,1128,Java Request,,All RMI calls succeeded,10user2min 1-9,,true,,157,0,10,10,null,0,0,0
1743930319358,1131,Java Request,,All RMI calls succeeded,10user2min 1-5,,true,,157,0,10,10,null,0,0,0
1743930319357,1131,Java Request,,All RMI calls succeeded,10user2min 1-2,,true,,157,0,10,10,null,0,0,0
1743930319603,1188,Java Request,,All RMI calls succeeded,10user2min 1-4,,true,,157,0,10,10,null,0,0,0
1743930319616,1176,Java Request,,All RMI calls succeeded,10user2min 1-7,,true,,157,0,10,10,null,0,0,0
1743930319603,1189,Java Request,,All RMI calls succeeded,10user2min 1-3,,true,,157,0,10,10,null,0,0,0
1743930319869,1166,Java Request,,All RMI calls succeeded,10user2min 1-1,,true,,157,0,10,10,null,0,0,0
1743930320489,1126,Java Request,,All RMI calls succeeded,10user2min 1-2,,true,,157,0,10,10,null,0,0,0
1743930320489,1128,Java Request,,All RMI calls succeeded,10user2min 1-5,,true,,157,0,10,10,null,0,0,0
1743930320485,1133,Java Request,,All RMI calls succeeded,10user2min 1-6,,true,,157,0,10,10,null,0,0,0
1743930320488,1131,Java Request,,All RMI calls succeeded,10user2min 1-10,,true,,157,0,10,10,null,0,0,0
1743930320488,1131,Java Request,,All RMI calls succeeded,10user2min 1-9,,true,,157,0,10,10,null,0,0,0
1743930320488,1132,Java Request,,All RMI calls succeeded,10user2min 1-8,,true,,157,0,10,10,null,0,0,0
1743930320792,1127,Java Request,,All RMI calls succeeded,10user2min 1-7,,true,,157,0,10,10,null,0,0,0
1743930320794,1126,Java Request,,All RMI calls succeeded,10user2min 1-3,,true,,157,0,10,10,null,0,0,0
1743930320791,1132,Java Request,,All RMI calls succeeded,10user2min 1-4,,true,,157,0,10,10,null,0,0,0
1743930321036,1187,Java Request,,All RMI calls succeeded,10user2min 1-1,,true,,157,0,10,10,null,0,0,0
1743930321620,1222,Java Request,,All RMI calls succeeded,10user2min 1-9,,true,,157,0,10,10,null,0,0,0
1743930321620,1223,Java Request,,All RMI calls succeeded,10user2min 1-8,,true,,157,0,10,10,null,0,0,0
1743930321619,1224,Java Request,,All RMI calls succeeded,10user2min 1-10,,true,,157,0,10,10,null,0,0,0
1743930321618,1226,Java Request,,All RMI calls succeeded,10user2min 1-6,,true,,157,0,10,10,null,0,0,0
1743930321617,1227,Java Request,,All RMI calls succeeded,10user2min 1-5,,true,,157,0,10,10,null,0,0,0
1743930321615,1229,Java Request,,All RMI calls succeeded,10user2min 1-2,,true,,157,0,10,10,null,0,0,0
1743930321923,1222,Java Request,,All RMI calls succeeded,10user2min 1-4,,true,,157,0,10,10,null,0,0,0
1743930321919,1229,Java Request,,All RMI calls succeeded,10user2min 1-7,,true,,157,0,10,10,null,0,0,0
1743930321920,1228,Java Request,,All RMI calls succeeded,10user2min 1-3,,true,,157,0,10,10,null,0,0,0
1743930322224,1229,Java Request,,All RMI calls succeeded,10user2min 1-1,,true,,157,0,10,10,null,0,0,0
1743930322843,1226,Java Request,,All RMI calls succeeded,10user2min 1-8,,true,,157,0,10,10,null,0,0,0
1743930322845,1226,Java Request,,All RMI calls succeeded,10user2min 1-2,,true,,157,0,10,10,null,0,0,0
1743930322842,1229,Java Request,,All RMI calls succeeded,10user2min 1-9,,true,,157,0,10,10,null,0,0,0
1743930322844,1227,Java Request,,All RMI calls succeeded,10user2min 1-5,,true,,157,0,10,10,null,0,0,0
1743930322843,1228,Java Request,,All RMI calls succeeded,10user2min 1-10,,true,,157,0,10,10,null,0,0,0
1743930322844,1238,Java Request,,All RMI calls succeeded,10user2min 1-6,,true,,157,0,10,10,null,0,0,0
1743930323145,1232,Java Request,,All RMI calls succeeded,10user2min 1-4,,true,,157,0,10,10,null,0,0,0
1743930323148,1231,Java Request,,All RMI calls succeeded,10user2min 1-7,,true,,157,0,10,10,null,0,0,0
1743930323148,1232,Java Request,,All RMI calls succeeded,10user2min 1-3,,true,,157,0,10,10,null,0,0,0
1743930323454,1226,Java Request,,All RMI calls succeeded,10user2min 1-1,,true,,157,0,10,10,null,0,0,0
1743930324071,1224,Java Request,,All RMI calls succeeded,10user2min 1-9,,true,,157,0,10,10,null,0,0,0
1743930324071,1224,Java Request,,All RMI calls succeeded,10user2min 1-10,,true,,157,0,10,10,null,0,0,0
1743930324071,1225,Java Request,,All RMI calls succeeded,10user2min 1-2,,true,,157,0,10,10,null,0,0,0
1743930324070,1228,Java Request,,All RMI calls succeeded,10user2min 1-8,,true,,157,0,10,10,null,0,0,0
1743930324071,1227,Java Request,,All RMI calls succeeded,10user2min 1-5,,true,,157,0,10,10,null,0,0,0
1743930324085,1216,Java Request,,All RMI calls succeeded,10user2min 1-6,,true,,157,0,10,10,null,0,0,0
1743930324378,1224,Java Request,,All RMI calls succeeded,10user2min 1-4,,true,,157,0,10,10,null,0,0,0
1743930324379,1224,Java Request,,All RMI calls succeeded,10user2min 1-7,,true,,157,0,10,10,null,0,0,0
1743930324380,1224,Java Request,,All RMI calls succeeded,10user2min 1-3,,true,,157,0,10,10,null,0,0,0
1743930324680,1183,Java Request,,All RMI calls succeeded,10user2min 1-1,,true,,157,0,10,10,null,0,0,0
1743930325298,1226,Java Request,,All RMI calls succeeded,10user2min 1-8,,true,,157,0,10,10,null,0,0,0
1743930325299,1227,Java Request,,All RMI calls succeeded,10user2min 1-5,,true,,157,0,10,10,null,0,0,0
1743930325295,1231,Java Request,,All RMI calls succeeded,10user2min 1-9,,true,,157,0,10,10,null,0,0,0
1743930325296,1231,Java Request,,All RMI calls succeeded,10user2min 1-2,,true,,157,0,10,10,null,0,0,0
1743930325296,1232,Java Request,,All RMI calls succeeded,10user2min 1-10,,true,,157,0,10,10,null,0,0,0
1743930325301,1227,Java Request,,All RMI calls succeeded,10user2min 1-6,,true,,157,0,10,10,null,0,0,0
1743930325603,1229,Java Request,,All RMI calls succeeded,10user2min 1-7,,true,,157,0,10,10,null,0,0,0
1743930325604,1231,Java Request,,All RMI calls succeeded,10user2min 1-3,,true,,157,0,10,10,null,0,0,0
1743930325602,1234,Java Request,,All RMI calls succeeded,10user2min 1-4,,true,,157,0,10,10,null,0,0,0
1743930325863,1273,Java Request,,All RMI calls succeeded,10user2min 1-1,,true,,157,0,10,10,null,0,0,0
1743930326528,1225,Java Request,,All RMI calls succeeded,10user2min 1-10,,true,,157,0,10,10,null,0,0,0
1743930326526,1230,Java Request,,All RMI calls succeeded,10user2min 1-5,,true,,157,0,10,10,null,0,0,0
1743930326527,1230,Java Request,,All RMI calls succeeded,10user2min 1-2,,true,,157,0,10,10,null,0,0,0
1743930326524,1233,Java Request,,All RMI calls succeeded,10user2min 1-8,,true,,157,0,10,10,null,0,0,0
1743930326528,1230,Java Request,,All RMI calls succeeded,10user2min 1-6,,true,,157,0,10,10,null,0,0,0
1743930326528,1230,Java Request,,All RMI calls succeeded,10user2min 1-9,,true,,157,0,10,10,null,0,0,0
1743930326836,1224,Java Request,,All RMI calls succeeded,10user2min 1-4,,true,,157,0,10,10,null,0,0,0
1743930326833,1227,Java Request,,All RMI calls succeeded,10user2min 1-7,,true,,157,0,10,10,null,0,0,0
1743930326836,1224,Java Request,,All RMI calls succeeded,10user2min 1-3,,true,,157,0,10,10,null,0,0,0
1743930327136,1232,Java Request,,All RMI calls succeeded,10user2min 1-1,,true,,157,0,10,10,null,0,0,0
1743930327758,1230,Java Request,,All RMI calls succeeded,10user2min 1-8,,true,,157,0,10,10,null,0,0,0
1743930327757,1234,Java Request,,All RMI calls succeeded,10user2min 1-2,,true,,157,0,10,10,null,0,0,0
1743930327759,1233,Java Request,,All RMI calls succeeded,10user2min 1-9,,true,,157,0,10,10,null,0,0,0
1743930327754,1238,Java Request,,All RMI calls succeeded,10user2min 1-10,,true,,157,0,10,10,null,0,0,0
1743930327756,1237,Java Request,,All RMI calls succeeded,10user2min 1-5,,true,,157,0,10,10,null,0,0,0
1743930327758,1235,Java Request,,All RMI calls succeeded,10user2min 1-6,,true,,157,0,10,10,null,0,0,0
1743930328060,1229,Java Request,,All RMI calls succeeded,10user2min 1-3,,true,,157,0,10,10,null,0,0,0
1743930328060,1232,Java Request,,All RMI calls succeeded,10user2min 1-7,,true,,157,0,10,10,null,0,0,0
1743930328060,1232,Java Request,,All RMI calls succeeded,10user2min 1-4,,true,,157,0,10,10,null,0,0,0
1743930328368,1166,Java Request,,All RMI calls succeeded,10user2min 1-1,,true,,157,0,10,10,null,0,0,0
1743930328988,1119,Java Request,,All RMI calls succeeded,10user2min 1-8,,true,,157,0,10,10,null,0,0,0
1743930328993,1119,Java Request,,All RMI calls succeeded,10user2min 1-5,,true,,157,0,10,10,null,0,0,0
1743930328992,1120,Java Request,,All RMI calls succeeded,10user2min 1-9,,true,,157,0,10,10,null,0,0,0
1743930328992,1121,Java Request,,All RMI calls succeeded,10user2min 1-10,,true,,157,0,10,10,null,0,0,0
1743930328993,1120,Java Request,,All RMI calls succeeded,10user2min 1-6,,true,,157,0,10,10,null,0,0,0
1743930328991,1123,Java Request,,All RMI calls succeeded,10user2min 1-2,,true,,157,0,10,10,null,0,0,0
1743930329290,1128,Java Request,,All RMI calls succeeded,10user2min 1-3,,true,,157,0,10,10,null,0,0,0
1743930329292,1126,Java Request,,All RMI calls succeeded,10user2min 1-7,,true,,157,0,10,10,null,0,0,0
1743930329292,1127,Java Request,,All RMI calls succeeded,10user2min 1-4,,true,,157,0,10,10,null,0,0,0
1743930329534,1189,Java Request,,All RMI calls succeeded,10user2min 1-1,,true,,157,0,10,10,null,0,0,0
1743930330115,1225,Java Request,,All RMI calls succeeded,10user2min 1-2,,true,,157,0,10,10,null,0,0,0
1743930330113,1227,Java Request,,All RMI calls succeeded,10user2min 1-6,,true,,157,0,10,10,null,0,0,0
1743930330108,1233,Java Request,,All RMI calls succeeded,10user2min 1-8,,true,,157,0,10,10,null,0,0,0
1743930330112,1230,Java Request,,All RMI calls succeeded,10user2min 1-5,,true,,157,0,10,10,null,0,0,0
1743930330113,1231,Java Request,,All RMI calls succeeded,10user2min 1-10,,true,,157,0,10,10,null,0,0,0
1743930330112,1233,Java Request,,All RMI calls succeeded,10user2min 1-9,,true,,157,0,10,10,null,0,0,0
1743930330418,1225,Java Request,,All RMI calls succeeded,10user2min 1-3,,true,,157,0,10,10,null,0,0,0
1743930330418,1228,Java Request,,All RMI calls succeeded,10user2min 1-7,,true,,157,0,10,10,null,0,0,0
1743930330419,1228,Java Request,,All RMI calls succeeded,10user2min 1-4,,true,,157,0,10,10,null,0,0,0
1743930330723,1235,Java Request,,All RMI calls succeeded,10user2min 1-1,,true,,157,0,10,10,null,0,0,0
1743930331340,1227,Java Request,,All RMI calls succeeded,10user2min 1-6,,true,,157,0,10,10,null,0,0,0
1743930331344,1224,Java Request,,All RMI calls succeeded,10user2min 1-10,,true,,157,0,10,10,null,0,0,0
1743930331342,1226,Java Request,,All RMI calls succeeded,10user2min 1-5,,true,,157,0,10,10,null,0,0,0
1743930331340,1230,Java Request,,All RMI calls succeeded,10user2min 1-2,,true,,157,0,10,10,null,0,0,0
1743930331341,1229,Java Request,,All RMI calls succeeded,10user2min 1-8,,true,,157,0,10,10,null,0,0,0
1743930331345,1226,Java Request,,All RMI calls succeeded,10user2min 1-9,,true,,157,0,10,10,null,0,0,0
1743930331646,1226,Java Request,,All RMI calls succeeded,10user2min 1-7,,true,,157,0,10,10,null,0,0,0
1743930331647,1227,Java Request,,All RMI calls succeeded,10user2min 1-4,,true,,157,0,10,10,null,0,0,0
1743930331644,1231,Java Request,,All RMI calls succeeded,10user2min 1-3,,true,,157,0,10,10,null,0,0,0
1743930331958,1226,Java Request,,All RMI calls succeeded,10user2min 1-1,,true,,157,0,10,10,null,0,0,0
1743930332572,1222,Java Request,,All RMI calls succeeded,10user2min 1-9,,true,,157,0,10,10,null,0,0,0
1743930332570,1226,Java Request,,All RMI calls succeeded,10user2min 1-2,,true,,157,0,10,10,null,0,0,0
1743930332568,1230,Java Request,,All RMI calls succeeded,10user2min 1-5,,true,,157,0,10,10,null,0,0,0
1743930332567,1231,Java Request,,All RMI calls succeeded,10user2min 1-6,,true,,157,0,10,10,null,0,0,0
1743930332570,1228,Java Request,,All RMI calls succeeded,10user2min 1-8,,true,,157,0,10,10,null,0,0,0
1743930332568,1230,Java Request,,All RMI calls succeeded,10user2min 1-10,,true,,157,0,10,10,null,0,0,0
1743930332872,1205,Java Request,,All RMI calls succeeded,10user2min 1-7,,true,,157,0,10,10,null,0,0,0
1743930332875,1203,Java Request,,All RMI calls succeeded,10user2min 1-4,,true,,157,0,10,10,null,0,0,0
1743930332875,1205,Java Request,,All RMI calls succeeded,10user2min 1-3,,true,,157,0,10,10,null,0,0,0
1743930333185,1223,Java Request,,All RMI calls succeeded,10user2min 1-1,,true,,157,0,10,10,null,0,0,0
1743930333796,1128,Java Request,,All RMI calls succeeded,10user2min 1-2,,true,,157,0,10,10,null,0,0,0
1743930333799,1126,Java Request,,All RMI calls succeeded,10user2min 1-10,,true,,157,0,10,10,null,0,0,0
1743930333798,1128,Java Request,,All RMI calls succeeded,10user2min 1-5,,true,,157,0,10,10,null,0,0,0
1743930333795,1131,Java Request,,All RMI calls succeeded,10user2min 1-9,,true,,157,0,10,10,null,0,0,0
1743930333798,1129,Java Request,,All RMI calls succeeded,10user2min 1-8,,true,,157,0,10,10,null,0,0,0
1743930333798,1128,Java Request,,All RMI calls succeeded,10user2min 1-6,,true,,157,0,10,10,null,0,0,0
1743930334077,1153,Java Request,,All RMI calls succeeded,10user2min 1-7,,true,,157,0,10,10,null,0,0,0
1743930334080,1151,Java Request,,All RMI calls succeeded,10user2min 1-3,,true,,157,0,10,10,null,0,0,0
1743930334078,1155,Java Request,,All RMI calls succeeded,10user2min 1-4,,true,,157,0,10,10,null,0,0,0
1743930334409,1127,Java Request,,All RMI calls succeeded,10user2min 1-1,,true,,157,0,10,10,null,0,0,0
1743930334927,1223,Java Request,,All RMI calls succeeded,10user2min 1-8,,true,,157,0,10,10,null,0,0,0
1743930334927,1225,Java Request,,All RMI calls succeeded,10user2min 1-9,,true,,157,0,10,10,null,0,0,0
1743930334928,1224,Java Request,,All RMI calls succeeded,10user2min 1-6,,true,,157,0,10,10,null,0,0,0
1743930334926,1226,Java Request,,All RMI calls succeeded,10user2min 1-5,,true,,157,0,10,10,null,0,0,0
1743930334925,1228,Java Request,,All RMI calls succeeded,10user2min 1-10,,true,,157,0,10,10,null,0,0,0
1743930334924,1229,Java Request,,All RMI calls succeeded,10user2min 1-2,,true,,157,0,10,10,null,0,0,0
1743930335230,1193,Java Request,,All RMI calls succeeded,10user2min 1-7,,true,,157,0,10,10,null,0,0,0
1743930335231,1197,Java Request,,All RMI calls succeeded,10user2min 1-3,,true,,157,0,10,10,null,0,0,0
1743930335233,1195,Java Request,,All RMI calls succeeded,10user2min 1-4,,true,,157,0,10,10,null,0,0,0
1743930335536,1228,Java Request,,All RMI calls succeeded,10user2min 1-1,,true,,157,0,10,10,null,0,0,0
1743930336154,1224,Java Request,,All RMI calls succeeded,10user2min 1-2,,true,,157,0,10,10,null,0,0,0
1743930336153,1229,Java Request,,All RMI calls succeeded,10user2min 1-10,,true,,157,0,10,10,null,0,0,0
1743930336153,1229,Java Request,,All RMI calls succeeded,10user2min 1-6,,true,,157,0,10,10,null,0,0,0
1743930336152,1231,Java Request,,All RMI calls succeeded,10user2min 1-9,,true,,157,0,10,10,null,0,0,0
1743930336150,1233,Java Request,,All RMI calls succeeded,10user2min 1-8,,true,,157,0,10,10,null,0,0,0
1743930336153,1233,Java Request,,All RMI calls succeeded,10user2min 1-5,,true,,157,0,10,10,null,0,0,0
1743930336428,1258,Java Request,,All RMI calls succeeded,10user2min 1-3,,true,,157,0,10,10,null,0,0,0
1743930336429,1259,Java Request,,All RMI calls succeeded,10user2min 1-4,,true,,157,0,10,10,null,0,0,0
1743930336423,1267,Java Request,,All RMI calls succeeded,10user2min 1-7,,true,,157,0,10,10,null,0,0,0
1743930336765,1227,Java Request,,All RMI calls succeeded,10user2min 1-1,,true,,157,0,10,10,null,0,0,0
1743930337383,1224,Java Request,,All RMI calls succeeded,10user2min 1-9,,true,,157,0,10,10,null,0,0,0
1743930337382,1229,Java Request,,All RMI calls succeeded,10user2min 1-6,,true,,157,0,10,10,null,0,0,0
1743930337378,1234,Java Request,,All RMI calls succeeded,10user2min 1-2,,true,,157,0,10,10,null,0,0,0
1743930337383,1229,Java Request,,All RMI calls succeeded,10user2min 1-8,,true,,157,0,10,10,null,0,0,0
1743930337386,1227,Java Request,,All RMI calls succeeded,10user2min 1-5,,true,,157,0,10,10,null,0,0,0
1743930337382,1231,Java Request,,All RMI calls succeeded,10user2min 1-10,,true,,157,0,10,10,null,0,0,0
1743930337686,1228,Java Request,,All RMI calls succeeded,10user2min 1-3,,true,,157,0,10,10,null,0,0,0
1743930337690,1228,Java Request,,All RMI calls succeeded,10user2min 1-7,,true,,157,0,10,10,null,0,0,0
1743930337688,1231,Java Request,,All RMI calls succeeded,10user2min 1-4,,true,,157,0,10,10,null,0,0,0
1743930337992,1167,Java Request,,All RMI calls succeeded,10user2min 1-1,,true,,157,0,10,10,null,0,0,0
1743930338612,1125,Java Request,,All RMI calls succeeded,10user2min 1-2,,true,,157,0,10,10,null,0,0,0
1743930338612,1125,Java Request,,All RMI calls succeeded,10user2min 1-8,,true,,157,0,10,10,null,0,0,0
1743930338607,1130,Java Request,,All RMI calls succeeded,10user2min 1-9,,true,,157,0,10,10,null,0,0,0
1743930338611,1126,Java Request,,All RMI calls succeeded,10user2min 1-6,,true,,157,0,10,10,null,0,0,0
1743930338613,1125,Java Request,,All RMI calls succeeded,10user2min 1-5,,true,,157,0,10,10,null,0,0,0
1743930338614,1124,Java Request,,All RMI calls succeeded,10user2min 1-10,,true,,157,0,10,10,null,0,0,0
1743930338920,1121,Java Request,,All RMI calls succeeded,10user2min 1-7,,true,,157,0,10,10,null,0,0,0
1743930338919,1123,Java Request,,All RMI calls succeeded,10user2min 1-4,,true,,157,0,10,10,null,0,0,0
1743930338914,1128,Java Request,,All RMI calls succeeded,10user2min 1-3,,true,,157,0,10,10,null,0,0,0
1743930339160,1189,Java Request,,All RMI calls succeeded,10user2min 1-1,,true,,157,0,10,10,null,0,0,0
1743930339738,1226,Java Request,,All RMI calls succeeded,10user2min 1-10,,true,,157,0,10,10,null,0,0,0
1743930339738,1227,Java Request,,All RMI calls succeeded,10user2min 1-6,,true,,157,0,10,10,null,0,0,0
1743930339737,1228,Java Request,,All RMI calls succeeded,10user2min 1-9,,true,,157,0,10,10,null,0,0,0
1743930339738,1229,Java Request,,All RMI calls succeeded,10user2min 1-5,,true,,157,0,10,10,null,0,0,0
1743930339737,1231,Java Request,,All RMI calls succeeded,10user2min 1-2,,true,,157,0,10,10,null,0,0,0
1743930339742,1531,Java Request,,All RMI calls succeeded,10user2min 1-8,,true,,157,0,10,10,null,0,0,0
1743930340042,1232,Java Request,,All RMI calls succeeded,10user2min 1-3,,true,,157,0,10,10,null,0,0,0
1743930340042,1232,Java Request,,All RMI calls succeeded,10user2min 1-7,,true,,157,0,10,10,null,0,0,0
1743930340043,1231,Java Request,,All RMI calls succeeded,10user2min 1-4,,true,,157,0,10,10,null,0,0,0
1743930340350,1175,Java Request,,All RMI calls succeeded,10user2min 1-1,,true,,157,0,10,10,null,0,0,0
1743930340968,1121,Java Request,,All RMI calls succeeded,10user2min 1-2,,true,,157,0,10,10,null,0,0,0
1743930340967,1124,Java Request,,All RMI calls succeeded,10user2min 1-5,,true,,157,0,10,10,null,0,0,0
1743930340965,1127,Java Request,,All RMI calls succeeded,10user2min 1-6,,true,,157,0,10,10,null,0,0,0
1743930340966,1127,Java Request,,All RMI calls succeeded,10user2min 1-9,,true,,157,0,10,10,null,0,0,0
1743930340964,1129,Java Request,,All RMI calls succeeded,10user2min 1-10,,true,,157,0,10,10,null,0,0,0
1743930341273,1125,Java Request,,All RMI calls succeeded,10user2min 1-8,,true,,157,0,10,10,null,0,0,0
1743930341274,1126,Java Request,,All RMI calls succeeded,10user2min 1-3,,true,,157,0,10,10,null,0,0,0
1743930341274,1128,Java Request,,All RMI calls succeeded,10user2min 1-7,,true,,157,0,10,10,null,0,0,0
1743930341274,1128,Java Request,,All RMI calls succeeded,10user2min 1-4,,true,,157,0,10,10,null,0,0,0
1743930341525,1181,Java Request,,All RMI calls succeeded,10user2min 1-1,,true,,157,0,10,10,null,0,0,0
1743930342091,1184,Java Request,,All RMI calls succeeded,10user2min 1-5,,true,,157,0,10,10,null,0,0,0
1743930342092,1195,Java Request,,All RMI calls succeeded,10user2min 1-6,,true,,157,0,10,10,null,0,0,0
1743930342093,1196,Java Request,,All RMI calls succeeded,10user2min 1-10,,true,,157,0,10,10,null,0,0,0
1743930342093,1197,Java Request,,All RMI calls succeeded,10user2min 1-9,,true,,157,0,10,10,null,0,0,0
1743930342089,1202,Java Request,,All RMI calls succeeded,10user2min 1-2,,true,,157,0,10,10,null,0,0,0
1743930342403,1119,Java Request,,All RMI calls succeeded,10user2min 1-4,,true,,157,0,10,10,null,0,0,0
1743930342403,1122,Java Request,,All RMI calls succeeded,10user2min 1-7,,true,,157,0,10,10,null,0,0,0
1743930342399,1128,Java Request,,All RMI calls succeeded,10user2min 1-8,,true,,157,0,10,10,null,0,0,0
1743930342403,1133,Java Request,,All RMI calls succeeded,10user2min 1-3,,true,,157,0,10,10,null,0,0,0
1743930342707,1125,Java Request,,All RMI calls succeeded,10user2min 1-1,,true,,157,0,10,10,null,0,0,0
1743930343289,1157,Java Request,,All RMI calls succeeded,10user2min 1-10,,true,,157,0,10,10,null,0,0,0
1743930343290,1156,Java Request,,All RMI calls succeeded,10user2min 1-9,,true,,157,0,10,10,null,0,0,0
1743930343276,1171,Java Request,,All RMI calls succeeded,10user2min 1-5,,true,,157,0,10,10,null,0,0,0
1743930343287,1161,Java Request,,All RMI calls succeeded,10user2min 1-6,,true,,157,0,10,10,null,0,0,0
1743930343291,1157,Java Request,,All RMI calls succeeded,10user2min 1-2,,true,,157,0,10,10,null,0,0,0
1743930343537,1215,Java Request,,All RMI calls succeeded,10user2min 1-3,,true,,157,0,10,10,null,0,0,0
1743930343525,1233,Java Request,,All RMI calls succeeded,10user2min 1-7,,true,,157,0,10,10,null,0,0,0
1743930343522,1236,Java Request,,All RMI calls succeeded,10user2min 1-4,,true,,157,0,10,10,null,0,0,0
1743930343527,1232,Java Request,,All RMI calls succeeded,10user2min 1-8,,true,,157,0,10,10,null,0,0,0
1743930343832,1226,Java Request,,All RMI calls succeeded,10user2min 1-1,,true,,157,0,10,10,null,0,0,0
1743930344447,1235,Java Request,,All RMI calls succeeded,10user2min 1-9,,true,,157,0,10,10,null,0,0,0
1743930344446,1237,Java Request,,All RMI calls succeeded,10user2min 1-10,,true,,157,0,10,10,null,0,0,0
1743930344447,1238,Java Request,,All RMI calls succeeded,10user2min 1-5,,true,,157,0,10,10,null,0,0,0
1743930344448,1240,Java Request,,All RMI calls succeeded,10user2min 1-6,,true,,157,0,10,10,null,0,0,0
1743930344448,1241,Java Request,,All RMI calls succeeded,10user2min 1-2,,true,,157,0,10,10,null,0,0,0
1743930344753,1229,Java Request,,All RMI calls succeeded,10user2min 1-3,,true,,157,0,10,10,null,0,0,0
1743930344759,1227,Java Request,,All RMI calls succeeded,10user2min 1-8,,true,,157,0,10,10,null,0,0,0
1743930344759,1227,Java Request,,All RMI calls succeeded,10user2min 1-4,,true,,157,0,10,10,null,0,0,0
1743930344758,1228,Java Request,,All RMI calls succeeded,10user2min 1-7,,true,,157,0,10,10,null,0,0,0
1743930345058,1232,Java Request,,All RMI calls succeeded,10user2min 1-1,,true,,157,0,10,10,null,0,0,0
1743930345682,1222,Java Request,,All RMI calls succeeded,10user2min 1-9,,true,,157,0,10,10,null,0,0,0
1743930345689,1216,Java Request,,All RMI calls succeeded,10user2min 1-2,,true,,157,0,10,10,null,0,0,0
1743930345684,1221,Java Request,,All RMI calls succeeded,10user2min 1-10,,true,,157,0,10,10,null,0,0,0
1743930345685,1220,Java Request,,All RMI calls succeeded,10user2min 1-5,,true,,157,0,10,10,null,0,0,0
1743930345688,1217,Java Request,,All RMI calls succeeded,10user2min 1-6,,true,,157,0,10,10,null,0,0,0
1743930345983,1228,Java Request,,All RMI calls succeeded,10user2min 1-3,,true,,157,0,10,10,null,0,0,0
1743930345986,1225,Java Request,,All RMI calls succeeded,10user2min 1-8,,true,,157,0,10,10,null,0,0,0
1743930345986,1226,Java Request,,All RMI calls succeeded,10user2min 1-7,,true,,157,0,10,10,null,0,0,0
1743930346290,1226,Java Request,,All RMI calls succeeded,10user2min 1-1,,true,,157,0,10,10,null,0,0,0
1743930345986,1532,Java Request,,All RMI calls succeeded,10user2min 1-4,,true,,157,0,10,10,null,0,0,0
1743930346905,1235,Java Request,,All RMI calls succeeded,10user2min 1-6,,true,,157,0,10,10,null,0,0,0
1743930346905,1240,Java Request,,All RMI calls succeeded,10user2min 1-5,,true,,157,0,10,10,null,0,0,0
1743930346904,1242,Java Request,,All RMI calls succeeded,10user2min 1-9,,true,,157,0,10,10,null,0,0,0
1743930346905,1249,Java Request,,All RMI calls succeeded,10user2min 1-2,,true,,157,0,10,10,null,0,0,0
1743930346905,1250,Java Request,,All RMI calls succeeded,10user2min 1-10,,true,,157,0,10,10,null,0,0,0
1743930347212,1223,Java Request,,All RMI calls succeeded,10user2min 1-7,,true,,157,0,10,10,null,0,0,0
1743930347211,1225,Java Request,,All RMI calls succeeded,10user2min 1-3,,true,,157,0,10,10,null,0,0,0
1743930347211,1227,Java Request,,All RMI calls succeeded,10user2min 1-8,,true,,157,0,10,10,null,0,0,0
1743930347518,1230,Java Request,,All RMI calls succeeded,10user2min 1-4,,true,,157,0,10,10,null,0,0,0
1743930347516,1233,Java Request,,All RMI calls succeeded,10user2min 1-1,,true,,157,0,10,10,null,0,0,0
1743930348141,1222,Java Request,,All RMI calls succeeded,10user2min 1-6,,true,,157,0,10,10,null,0,0,0
1743930348146,1219,Java Request,,All RMI calls succeeded,10user2min 1-9,,true,,157,0,10,10,null,0,0,0
1743930348155,1211,Java Request,,All RMI calls succeeded,10user2min 1-10,,true,,157,0,10,10,null,0,0,0
1743930348154,1212,Java Request,,All RMI calls succeeded,10user2min 1-2,,true,,157,0,10,10,null,0,0,0
1743930348145,1221,Java Request,,All RMI calls succeeded,10user2min 1-5,,true,,157,0,10,10,null,0,0,0
1743930348435,1232,Java Request,,All RMI calls succeeded,10user2min 1-7,,true,,157,0,10,10,null,0,0,0
1743930348436,1236,Java Request,,All RMI calls succeeded,10user2min 1-3,,true,,157,0,10,10,null,0,0,0
1743930348438,1234,Java Request,,All RMI calls succeeded,10user2min 1-8,,true,,157,0,10,10,null,0,0,0
1743930348750,1227,Java Request,,All RMI calls succeeded,10user2min 1-1,,true,,157,0,10,10,null,0,0,0
1743930348748,1230,Java Request,,All RMI calls succeeded,10user2min 1-4,,true,,157,0,10,10,null,0,0,0
1743930349366,1165,Java Request,,All RMI calls succeeded,10user2min 1-5,,true,,157,0,10,10,null,0,0,0
1743930349366,1175,Java Request,,All RMI calls succeeded,10user2min 1-2,,true,,157,0,10,10,null,0,0,0
1743930349363,1182,Java Request,,All RMI calls succeeded,10user2min 1-6,,true,,157,0,10,10,null,0,0,0
1743930349365,1181,Java Request,,All RMI calls succeeded,10user2min 1-9,,true,,157,0,10,10,null,0,0,0
1743930349366,1181,Java Request,,All RMI calls succeeded,10user2min 1-10,,true,,157,0,10,10,null,0,0,0
1743930349672,1123,Java Request,,All RMI calls succeeded,10user2min 1-3,,true,,157,0,10,10,null,0,0,0
1743930349668,1129,Java Request,,All RMI calls succeeded,10user2min 1-7,,true,,157,0,10,10,null,0,0,0
1743930349673,1124,Java Request,,All RMI calls succeeded,10user2min 1-8,,true,,157,0,10,10,null,0,0,0
1743930349978,1130,Java Request,,All RMI calls succeeded,10user2min 1-4,,true,,157,0,10,10,null,0,0,0
1743930349978,1132,Java Request,,All RMI calls succeeded,10user2min 1-1,,true,,157,0,10,10,null,0,0,0
1743930350546,1175,Java Request,,All RMI calls succeeded,10user2min 1-9,,true,,157,0,10,10,null,0,0,0
1743930350547,1174,Java Request,,All RMI calls succeeded,10user2min 1-10,,true,,157,0,10,10,null,0,0,0
1743930350541,1181,Java Request,,All RMI calls succeeded,10user2min 1-2,,true,,157,0,10,10,null,0,0,0
1743930350531,1191,Java Request,,All RMI calls succeeded,10user2min 1-5,,true,,157,0,10,10,null,0,0,0
1743930350546,1177,Java Request,,All RMI calls succeeded,10user2min 1-6,,true,,157,0,10,10,null,0,0,0
1743930350801,1223,Java Request,,All RMI calls succeeded,10user2min 1-7,,true,,157,0,10,10,null,0,0,0
1743930350801,1224,Java Request,,All RMI calls succeeded,10user2min 1-8,,true,,157,0,10,10,null,0,0,0
1743930350795,1230,Java Request,,All RMI calls succeeded,10user2min 1-3,,true,,157,0,10,10,null,0,0,0
1743930351110,1218,Java Request,,All RMI calls succeeded,10user2min 1-1,,true,,157,0,10,10,null,0,0,0
1743930351108,1222,Java Request,,All RMI calls succeeded,10user2min 1-4,,true,,157,0,10,10,null,0,0,0
1743930351721,1221,Java Request,,All RMI calls succeeded,10user2min 1-9,,true,,157,0,10,10,null,0,0,0
1743930351723,1224,Java Request,,All RMI calls succeeded,10user2min 1-6,,true,,157,0,10,10,null,0,0,0
1743930351722,1225,Java Request,,All RMI calls succeeded,10user2min 1-5,,true,,157,0,10,10,null,0,0,0
1743930351722,1226,Java Request,,All RMI calls succeeded,10user2min 1-2,,true,,157,0,10,10,null,0,0,0
1743930351721,1228,Java Request,,All RMI calls succeeded,10user2min 1-10,,true,,157,0,10,10,null,0,0,0
1743930352025,1226,Java Request,,All RMI calls succeeded,10user2min 1-8,,true,,157,0,10,10,null,0,0,0
1743930352025,1229,Java Request,,All RMI calls succeeded,10user2min 1-7,,true,,157,0,10,10,null,0,0,0
1743930352026,1230,Java Request,,All RMI calls succeeded,10user2min 1-3,,true,,157,0,10,10,null,0,0,0
1743930352328,1233,Java Request,,All RMI calls succeeded,10user2min 1-1,,true,,157,0,10,10,null,0,0,0
1743930352330,1232,Java Request,,All RMI calls succeeded,10user2min 1-4,,true,,157,0,10,10,null,0,0,0
1743930352948,1224,Java Request,,All RMI calls succeeded,10user2min 1-2,,true,,157,0,10,10,null,0,0,0
1743930352949,1224,Java Request,,All RMI calls succeeded,10user2min 1-10,,true,,157,0,10,10,null,0,0,0
1743930352943,1232,Java Request,,All RMI calls succeeded,10user2min 1-9,,true,,157,0,10,10,null,0,0,0
1743930352947,1229,Java Request,,All RMI calls succeeded,10user2min 1-5,,true,,157,0,10,10,null,0,0,0
1743930352947,1229,Java Request,,All RMI calls succeeded,10user2min 1-6,,true,,157,0,10,10,null,0,0,0
1743930353256,1225,Java Request,,All RMI calls succeeded,10user2min 1-3,,true,,157,0,10,10,null,0,0,0
1743930353251,1231,Java Request,,All RMI calls succeeded,10user2min 1-8,,true,,157,0,10,10,null,0,0,0
1743930353255,1227,Java Request,,All RMI calls succeeded,10user2min 1-7,,true,,157,0,10,10,null,0,0,0
1743930353562,1224,Java Request,,All RMI calls succeeded,10user2min 1-4,,true,,157,0,10,10,null,0,0,0
1743930353561,1228,Java Request,,All RMI calls succeeded,10user2min 1-1,,true,,157,0,10,10,null,0,0,0
1743930354173,1173,Java Request,,All RMI calls succeeded,10user2min 1-2,,true,,157,0,10,10,null,0,0,0
1743930354176,1171,Java Request,,All RMI calls succeeded,10user2min 1-9,,true,,157,0,10,10,null,0,0,0
1743930354177,1177,Java Request,,All RMI calls succeeded,10user2min 1-5,,true,,157,0,10,10,null,0,0,0
1743930354174,1181,Java Request,,All RMI calls succeeded,10user2min 1-10,,true,,157,0,10,10,null,0,0,0
1743930354177,1182,Java Request,,All RMI calls succeeded,10user2min 1-6,,true,,157,0,10,10,null,0,0,0
1743930354483,1095,Java Request,,All RMI calls succeeded,10user2min 1-7,,true,,157,0,10,10,null,0,0,0
1743930354483,1097,Java Request,,All RMI calls succeeded,10user2min 1-3,,true,,157,0,10,10,null,0,0,0
1743930354483,1105,Java Request,,All RMI calls succeeded,10user2min 1-8,,true,,157,0,10,10,null,0,0,0
1743930354787,1126,Java Request,,All RMI calls succeeded,10user2min 1-4,,true,,157,0,10,10,null,0,0,0
1743930354790,1127,Java Request,,All RMI calls succeeded,10user2min 1-1,,true,,157,0,10,10,null,0,0,0
1743930355347,1185,Java Request,,All RMI calls succeeded,10user2min 1-9,,true,,157,0,10,10,null,0,0,0
1743930355354,1179,Java Request,,All RMI calls succeeded,10user2min 1-5,,true,,157,0,10,10,null,0,0,0
1743930355359,1174,Java Request,,All RMI calls succeeded,10user2min 1-6,,true,,157,0,10,10,null,0,0,0
1743930355355,1180,Java Request,,All RMI calls succeeded,10user2min 1-10,,true,,157,0,10,10,null,0,0,0
1743930355346,1190,Java Request,,All RMI calls succeeded,10user2min 1-2,,true,,157,0,10,10,null,0,0,0
1743930355588,1248,Java Request,,All RMI calls succeeded,10user2min 1-8,,true,,157,0,10,10,null,0,0,0
1743930355580,1257,Java Request,,All RMI calls succeeded,10user2min 1-3,,true,,157,0,10,10,null,0,0,0
1743930355578,1261,Java Request,,All RMI calls succeeded,10user2min 1-7,,true,,157,0,10,10,null,0,0,0
1743930355917,1228,Java Request,,All RMI calls succeeded,10user2min 1-1,,true,,157,0,10,10,null,0,0,0
1743930355914,1231,Java Request,,All RMI calls succeeded,10user2min 1-4,,true,,157,0,10,10,null,0,0,0
1743930356536,1225,Java Request,,All RMI calls succeeded,10user2min 1-10,,true,,157,0,10,10,null,0,0,0
1743930356532,1229,Java Request,,All RMI calls succeeded,10user2min 1-9,,true,,157,0,10,10,null,0,0,0
1743930356533,1229,Java Request,,All RMI calls succeeded,10user2min 1-5,,true,,157,0,10,10,null,0,0,0
1743930356536,1227,Java Request,,All RMI calls succeeded,10user2min 1-2,,true,,157,0,10,10,null,0,0,0
1743930356533,1232,Java Request,,All RMI calls succeeded,10user2min 1-6,,true,,157,0,10,10,null,0,0,0
1743930356837,1226,Java Request,,All RMI calls succeeded,10user2min 1-3,,true,,157,0,10,10,null,0,0,0
1743930356839,1228,Java Request,,All RMI calls succeeded,10user2min 1-7,,true,,157,0,10,10,null,0,0,0
1743930356836,1234,Java Request,,All RMI calls succeeded,10user2min 1-8,,true,,157,0,10,10,null,0,0,0
1743930357145,1234,Java Request,,All RMI calls succeeded,10user2min 1-1,,true,,157,0,10,10,null,0,0,0
1743930357146,1234,Java Request,,All RMI calls succeeded,10user2min 1-4,,true,,157,0,10,10,null,0,0,0
1743930357763,1226,Java Request,,All RMI calls succeeded,10user2min 1-2,,true,,157,0,10,10,null,0,0,0
1743930357765,1224,Java Request,,All RMI calls succeeded,10user2min 1-5,,true,,157,0,10,10,null,0,0,0
1743930357765,1225,Java Request,,All RMI calls succeeded,10user2min 1-6,,true,,157,0,10,10,null,0,0,0
1743930357761,1229,Java Request,,All RMI calls succeeded,10user2min 1-10,,true,,157,0,10,10,null,0,0,0
1743930357762,1229,Java Request,,All RMI calls succeeded,10user2min 1-9,,true,,157,0,10,10,null,0,0,0
1743930358064,1232,Java Request,,All RMI calls succeeded,10user2min 1-3,,true,,157,0,10,10,null,0,0,0
1743930358068,1228,Java Request,,All RMI calls succeeded,10user2min 1-7,,true,,157,0,10,10,null,0,0,0
1743930358070,1227,Java Request,,All RMI calls succeeded,10user2min 1-8,,true,,157,0,10,10,null,0,0,0
1743930358379,1222,Java Request,,All RMI calls succeeded,10user2min 1-1,,true,,157,0,10,10,null,0,0,0
1743930358380,1222,Java Request,,All RMI calls succeeded,10user2min 1-4,,true,,157,0,10,10,null,0,0,0
1743930358989,1224,Java Request,,All RMI calls succeeded,10user2min 1-10,,true,,157,0,10,10,null,0,0,0
1743930358990,1226,Java Request,,All RMI calls succeeded,10user2min 1-9,,true,,157,0,10,10,null,0,0,0
1743930358988,1228,Java Request,,All RMI calls succeeded,10user2min 1-2,,true,,157,0,10,10,null,0,0,0
1743930358989,1229,Java Request,,All RMI calls succeeded,10user2min 1-6,,true,,157,0,10,10,null,0,0,0
1743930358988,1231,Java Request,,All RMI calls succeeded,10user2min 1-5,,true,,157,0,10,10,null,0,0,0
1743930359295,1225,Java Request,,All RMI calls succeeded,10user2min 1-3,,true,,157,0,10,10,null,0,0,0
1743930359296,1231,Java Request,,All RMI calls succeeded,10user2min 1-8,,true,,157,0,10,10,null,0,0,0
1743930359296,1231,Java Request,,All RMI calls succeeded,10user2min 1-7,,true,,157,0,10,10,null,0,0,0
1743930359602,1230,Java Request,,All RMI calls succeeded,10user2min 1-4,,true,,157,0,10,10,null,0,0,0
1743930359600,1235,Java Request,,All RMI calls succeeded,10user2min 1-1,,true,,157,0,10,10,null,0,0,0
1743930360216,1241,Java Request,,All RMI calls succeeded,10user2min 1-9,,true,,157,0,10,10,null,0,0,0
1743930360218,1239,Java Request,,All RMI calls succeeded,10user2min 1-6,,true,,157,0,10,10,null,0,0,0
1743930360217,1241,Java Request,,All RMI calls succeeded,10user2min 1-2,,true,,157,0,10,10,null,0,0,0
1743930360213,1251,Java Request,,All RMI calls succeeded,10user2min 1-10,,true,,157,0,10,10,null,0,0,0
1743930360219,1245,Java Request,,All RMI calls succeeded,10user2min 1-5,,true,,157,0,10,10,null,0,0,0
1743930360527,1246,Java Request,,All RMI calls succeeded,10user2min 1-8,,true,,157,0,10,10,null,0,0,0
1743930360527,1246,Java Request,,All RMI calls succeeded,10user2min 1-7,,true,,157,0,10,10,null,0,0,0
1743930360521,1253,Java Request,,All RMI calls succeeded,10user2min 1-3,,true,,157,0,10,10,null,0,0,0
1743930360835,1222,Java Request,,All RMI calls succeeded,10user2min 1-1,,true,,157,0,10,10,null,0,0,0
1743930360832,1227,Java Request,,All RMI calls succeeded,10user2min 1-4,,true,,157,0,10,10,null,0,0,0
1743930361464,1208,Java Request,,All RMI calls succeeded,10user2min 1-10,,true,,157,0,10,10,null,0,0,0
1743930361459,1216,Java Request,,All RMI calls succeeded,10user2min 1-2,,true,,157,0,10,10,null,0,0,0
1743930361457,1219,Java Request,,All RMI calls succeeded,10user2min 1-6,,true,,157,0,10,10,null,0,0,0
1743930361457,1219,Java Request,,All RMI calls succeeded,10user2min 1-9,,true,,157,0,10,10,null,0,0,0
1743930361464,1213,Java Request,,All RMI calls succeeded,10user2min 1-5,,true,,157,0,10,10,null,0,0,0
1743930361773,1210,Java Request,,All RMI calls succeeded,10user2min 1-7,,true,,157,0,10,10,null,0,0,0
1743930361775,1210,Java Request,,All RMI calls succeeded,10user2min 1-3,,true,,157,0,10,10,null,0,0,0
1743930361773,1212,Java Request,,All RMI calls succeeded,10user2min 1-8,,true,,157,0,10,10,null,0,0,0
1743930362059,1162,Java Request,,All RMI calls succeeded,10user2min 1-4,,true,,157,0,10,10,null,0,0,0
1743930362058,1176,Java Request,,All RMI calls succeeded,10user2min 1-1,,true,,157,0,10,10,null,0,0,0
1743930362673,1126,Java Request,,All RMI calls succeeded,10user2min 1-10,,true,,157,0,10,10,null,0,0,0
1743930362677,1124,Java Request,,All RMI calls succeeded,10user2min 1-5,,true,,157,0,10,10,null,0,0,0
1743930362676,1125,Java Request,,All RMI calls succeeded,10user2min 1-6,,true,,157,0,10,10,null,0,0,0
1743930362676,1130,Java Request,,All RMI calls succeeded,10user2min 1-9,,true,,157,0,10,10,null,0,0,0
1743930362675,1131,Java Request,,All RMI calls succeeded,10user2min 1-2,,true,,157,0,10,10,null,0,0,0
1743930362983,1124,Java Request,,All RMI calls succeeded,10user2min 1-7,,true,,157,0,10,10,null,0,0,0
1743930362985,1123,Java Request,,All RMI calls succeeded,10user2min 1-3,,true,,157,0,10,10,null,0,0,0
1743930362985,1123,Java Request,,All RMI calls succeeded,10user2min 1-8,,true,,157,0,10,10,null,0,0,0
1743930363234,1180,Java Request,,All RMI calls succeeded,10user2min 1-1,,true,,157,0,10,10,null,0,0,0
1743930363221,1196,Java Request,,All RMI calls succeeded,10user2min 1-4,,true,,157,0,10,10,null,0,0,0
1743930363802,1227,Java Request,,All RMI calls succeeded,10user2min 1-6,,true,,157,0,10,10,null,0,0,0
1743930363801,1229,Java Request,,All RMI calls succeeded,10user2min 1-5,,true,,157,0,10,10,null,0,0,0
1743930363806,1224,Java Request,,All RMI calls succeeded,10user2min 1-2,,true,,157,0,10,10,null,0,0,0
1743930363806,1225,Java Request,,All RMI calls succeeded,10user2min 1-9,,true,,157,0,10,10,null,0,0,0
1743930363800,1231,Java Request,,All RMI calls succeeded,10user2min 1-10,,true,,157,0,10,10,null,0,0,0
1743930364107,1227,Java Request,,All RMI calls succeeded,10user2min 1-7,,true,,157,0,10,10,null,0,0,0
1743930364108,1228,Java Request,,All RMI calls succeeded,10user2min 1-8,,true,,157,0,10,10,null,0,0,0
1743930364108,1232,Java Request,,All RMI calls succeeded,10user2min 1-3,,true,,157,0,10,10,null,0,0,0
1743930364417,1231,Java Request,,All RMI calls succeeded,10user2min 1-4,,true,,157,0,10,10,null,0,0,0
1743930364414,1235,Java Request,,All RMI calls succeeded,10user2min 1-1,,true,,157,0,10,10,null,0,0,0
1743930365030,1229,Java Request,,All RMI calls succeeded,10user2min 1-5,,true,,157,0,10,10,null,0,0,0
1743930365029,1232,Java Request,,All RMI calls succeeded,10user2min 1-6,,true,,157,0,10,10,null,0,0,0
1743930365031,1230,Java Request,,All RMI calls succeeded,10user2min 1-10,,true,,157,0,10,10,null,0,0,0
1743930365030,1232,Java Request,,All RMI calls succeeded,10user2min 1-2,,true,,157,0,10,10,null,0,0,0
1743930365031,1231,Java Request,,All RMI calls succeeded,10user2min 1-9,,true,,157,0,10,10,null,0,0,0
1743930365340,1223,Java Request,,All RMI calls succeeded,10user2min 1-3,,true,,157,0,10,10,null,0,0,0
1743930365336,1231,Java Request,,All RMI calls succeeded,10user2min 1-8,,true,,157,0,10,10,null,0,0,0
1743930365334,1233,Java Request,,All RMI calls succeeded,10user2min 1-7,,true,,157,0,10,10,null,0,0,0
1743930365649,1224,Java Request,,All RMI calls succeeded,10user2min 1-4,,true,,157,0,10,10,null,0,0,0
1743930365650,1224,Java Request,,All RMI calls succeeded,10user2min 1-1,,true,,157,0,10,10,null,0,0,0
1743930366260,1227,Java Request,,All RMI calls succeeded,10user2min 1-5,,true,,157,0,10,10,null,0,0,0
1743930366262,1225,Java Request,,All RMI calls succeeded,10user2min 1-2,,true,,157,0,10,10,null,0,0,0
1743930366262,1226,Java Request,,All RMI calls succeeded,10user2min 1-9,,true,,157,0,10,10,null,0,0,0
1743930366261,1227,Java Request,,All RMI calls succeeded,10user2min 1-6,,true,,157,0,10,10,null,0,0,0
1743930366261,1227,Java Request,,All RMI calls succeeded,10user2min 1-10,,true,,157,0,10,10,null,0,0,0
1743930366567,1227,Java Request,,All RMI calls succeeded,10user2min 1-8,,true,,157,0,10,10,null,0,0,0
1743930366567,1230,Java Request,,All RMI calls succeeded,10user2min 1-7,,true,,157,0,10,10,null,0,0,0
1743930366563,1234,Java Request,,All RMI calls succeeded,10user2min 1-3,,true,,157,0,10,10,null,0,0,0
1743930366874,1228,Java Request,,All RMI calls succeeded,10user2min 1-4,,true,,157,0,10,10,null,0,0,0
1743930366874,1229,Java Request,,All RMI calls succeeded,10user2min 1-1,,true,,157,0,10,10,null,0,0,0
1743930367488,1227,Java Request,,All RMI calls succeeded,10user2min 1-9,,true,,157,0,10,10,null,0,0,0
1743930367488,1229,Java Request,,All RMI calls succeeded,10user2min 1-6,,true,,157,0,10,10,null,0,0,0
1743930367487,1230,Java Request,,All RMI calls succeeded,10user2min 1-2,,true,,157,0,10,10,null,0,0,0
1743930367488,1231,Java Request,,All RMI calls succeeded,10user2min 1-10,,true,,157,0,10,10,null,0,0,0
1743930367487,1232,Java Request,,All RMI calls succeeded,10user2min 1-5,,true,,157,0,10,10,null,0,0,0
1743930367797,1226,Java Request,,All RMI calls succeeded,10user2min 1-3,,true,,157,0,10,10,null,0,0,0
1743930367796,1228,Java Request,,All RMI calls succeeded,10user2min 1-8,,true,,157,0,10,10,null,0,0,0
1743930367797,1228,Java Request,,All RMI calls succeeded,10user2min 1-7,,true,,157,0,10,10,null,0,0,0
1743930368103,1232,Java Request,,All RMI calls succeeded,10user2min 1-4,,true,,157,0,10,10,null,0,0,0
1743930368103,1233,Java Request,,All RMI calls succeeded,10user2min 1-1,,true,,157,0,10,10,null,0,0,0
1743930368719,1223,Java Request,,All RMI calls succeeded,10user2min 1-5,,true,,157,0,10,10,null,0,0,0
1743930368717,1227,Java Request,,All RMI calls succeeded,10user2min 1-2,,true,,157,0,10,10,null,0,0,0
1743930368715,1230,Java Request,,All RMI calls succeeded,10user2min 1-9,,true,,157,0,10,10,null,0,0,0
1743930368717,1229,Java Request,,All RMI calls succeeded,10user2min 1-6,,true,,157,0,10,10,null,0,0,0
1743930368719,1227,Java Request,,All RMI calls succeeded,10user2min 1-10,,true,,157,0,10,10,null,0,0,0
1743930369023,1227,Java Request,,All RMI calls succeeded,10user2min 1-3,,true,,157,0,10,10,null,0,0,0
1743930369026,1225,Java Request,,All RMI calls succeeded,10user2min 1-7,,true,,157,0,10,10,null,0,0,0
1743930369024,1227,Java Request,,All RMI calls succeeded,10user2min 1-8,,true,,157,0,10,10,null,0,0,0
1743930369336,1221,Java Request,,All RMI calls succeeded,10user2min 1-1,,true,,157,0,10,10,null,0,0,0
1743930369335,1223,Java Request,,All RMI calls succeeded,10user2min 1-4,,true,,157,0,10,10,null,0,0,0
1743930369946,1229,Java Request,,All RMI calls succeeded,10user2min 1-10,,true,,157,0,10,10,null,0,0,0
1743930369944,1232,Java Request,,All RMI calls succeeded,10user2min 1-2,,true,,157,0,10,10,null,0,0,0
1743930369943,1234,Java Request,,All RMI calls succeeded,10user2min 1-5,,true,,157,0,10,10,null,0,0,0
1743930369945,1232,Java Request,,All RMI calls succeeded,10user2min 1-9,,true,,157,0,10,10,null,0,0,0
1743930369946,1231,Java Request,,All RMI calls succeeded,10user2min 1-6,,true,,157,0,10,10,null,0,0,0
1743930370251,1234,Java Request,,All RMI calls succeeded,10user2min 1-8,,true,,157,0,10,10,null,0,0,0
1743930370250,1234,Java Request,,All RMI calls succeeded,10user2min 1-3,,true,,157,0,10,10,null,0,0,0
1743930370251,1234,Java Request,,All RMI calls succeeded,10user2min 1-7,,true,,157,0,10,10,null,0,0,0
1743930370557,1229,Java Request,,All RMI calls succeeded,10user2min 1-1,,true,,157,0,10,10,null,0,0,0
1743930370558,1228,Java Request,,All RMI calls succeeded,10user2min 1-4,,true,,157,0,10,10,null,0,0,0
1743930371176,1225,Java Request,,All RMI calls succeeded,10user2min 1-2,,true,,157,0,10,10,null,0,0,0
1743930371177,1225,Java Request,,All RMI calls succeeded,10user2min 1-5,,true,,157,0,10,10,null,0,0,0
1743930371177,1225,Java Request,,All RMI calls succeeded,10user2min 1-9,,true,,157,0,10,10,null,0,0,0
1743930371177,1226,Java Request,,All RMI calls succeeded,10user2min 1-6,,true,,157,0,10,10,null,0,0,0
1743930371175,1228,Java Request,,All RMI calls succeeded,10user2min 1-10,,true,,157,0,10,10,null,0,0,0
1743930371486,1225,Java Request,,All RMI calls succeeded,10user2min 1-8,,true,,157,0,10,10,null,0,0,0
1743930371486,1225,Java Request,,All RMI calls succeeded,10user2min 1-3,,true,,157,0,10,10,null,0,0,0
1743930371486,1225,Java Request,,All RMI calls succeeded,10user2min 1-7,,true,,157,0,10,10,null,0,0,0
1743930371786,1230,Java Request,,All RMI calls succeeded,10user2min 1-1,,true,,157,0,10,10,null,0,0,0
1743930371787,1230,Java Request,,All RMI calls succeeded,10user2min 1-4,,true,,157,0,10,10,null,0,0,0
1743930372403,1226,Java Request,,All RMI calls succeeded,10user2min 1-6,,true,,157,0,10,10,null,0,0,0
1743930372403,1228,Java Request,,All RMI calls succeeded,10user2min 1-5,,true,,157,0,9,9,null,0,0,0
1743930372402,1229,Java Request,,All RMI calls succeeded,10user2min 1-2,,true,,157,0,9,9,null,0,0,0
1743930372403,1228,Java Request,,All RMI calls succeeded,10user2min 1-9,,true,,157,0,9,9,null,0,0,0
1743930372404,1232,Java Request,,All RMI calls succeeded,10user2min 1-10,,true,,157,0,6,6,null,0,0,0
1743930372711,1223,Java Request,,All RMI calls succeeded,10user2min 1-8,,true,,157,0,5,5,null,0,0,0
1743930372711,1225,Java Request,,All RMI calls succeeded,10user2min 1-7,,true,,157,0,4,4,null,0,0,0
1743930372711,1226,Java Request,,All RMI calls succeeded,10user2min 1-3,,true,,157,0,4,4,null,0,0,0
1743930373016,1228,Java Request,,All RMI calls succeeded,10user2min 1-1,,true,,157,0,2,2,null,0,0,0
1743930373017,1228,Java Request,,All RMI calls succeeded,10user2min 1-4,,true,,157,0,1,1,null,0,0,0
